{
 "actions": [],
 "autoname": "autoincrement",
 "creation": "2022-09-04 11:26:28.305637",
 "doctype": "DocType",
 "editable_grid": 1,
 "engine": "InnoDB",
 "field_order": [
  "module",
  "practice",
  "question",
  "opportunity_description",
  "gdp_clause",
  "iso_clause",
  "cms",
  "severity",
  "dfi",
  "maturity_level",
  "guidelines_direction",
  "artifact_description",
  "selection",
  "exit_selection",
  "finding_detail",
  "attach_evidences",
  "working_comments",
  "finding",
  "finding_raised_date",
  "ageing",
  "closure_description",
  "rca",
  "attach_rcacapa",
  "capa",
  "rcacapa_acceptance",
  "description",
  "critical_to_opex"
 ],
 "fields": [
  {
   "fieldname": "module",
   "fieldtype": "Data",
   "hidden": 1,
   "label": "Module",
   "read_only": 1,
   "search_index": 1
  },
  {
   "fieldname": "practice",
   "fieldtype": "Data",
   "in_filter": 1,
   "in_list_view": 1,
   "in_preview": 1,
   "in_standard_filter": 1,
   "label": "Practice",
   "read_only": 1,
   "search_index": 1
  },
  {
   "fieldname": "question",
   "fieldtype": "Small Text",
   "in_filter": 1,
   "in_list_view": 1,
   "in_preview": 1,
   "in_standard_filter": 1,
   "label": "Question",
   "read_only": 1
  },
  {
   "fieldname": "opportunity_description",
   "fieldtype": "Small Text",
   "in_filter": 1,
   "in_preview": 1,
   "in_standard_filter": 1,
   "label": "Opportunity Description"
  },
  {
   "fieldname": "gdp_clause",
   "fieldtype": "Data",
   "in_filter": 1,
   "in_preview": 1,
   "in_standard_filter": 1,
   "label": "GDP Clause",
   "read_only": 1,
   "search_index": 1
  },
  {
   "fieldname": "iso_clause",
   "fieldtype": "Data",
   "in_filter": 1,
   "in_preview": 1,
   "in_standard_filter": 1,
   "label": "ISO Clause",
   "read_only": 1,
   "search_index": 1
  },
  {
   "fieldname": "cms",
   "fieldtype": "Data",
   "in_filter": 1,
   "in_preview": 1,
   "in_standard_filter": 1,
   "label": "CMS",
   "read_only": 1,
   "search_index": 1
  },
  {
   "fieldname": "severity",
   "fieldtype": "Select",
   "in_filter": 1,
   "in_list_view": 1,
   "in_preview": 1,
   "in_standard_filter": 1,
   "label": "Severity",
   "options": "OBS\nOFI\nMajor NC\nMinor NC",
   "permlevel": 1,
   "read_only": 1,
   "search_index": 1
  },
  {
   "fieldname": "dfi",
   "fieldtype": "Select",
   "in_filter": 1,
   "in_preview": 1,
   "in_standard_filter": 1,
   "label": "DFI",
   "options": "YES\nNO",
   "read_only": 1,
   "search_index": 1
  },
  {
   "fieldname": "maturity_level",
   "fieldtype": "Data",
   "in_filter": 1,
   "label": "Maturity Level",
   "read_only": 1,
   "search_index": 1
  },
  {
   "fieldname": "guidelines_direction",
   "fieldtype": "Small Text",
   "in_filter": 1,
   "label": "Guidelines (Direction)",
   "read_only": 1
  },
  {
   "fieldname": "artifact_description",
   "fieldtype": "Small Text",
   "label": "Artifact Description",
   "read_only": 1
  },
  {
   "fieldname": "selection",
   "fieldtype": "Select",
   "in_list_view": 1,
   "label": "Selection",
   "options": "-\nNo\nYes\nNo Sample\nException\nNot Applicable\nNo Evidence",
   "search_index": 1
  },
  {
   "fieldname": "exit_selection",
   "fieldtype": "Select",
   "hidden": 1,
   "label": "Exit Selection ",
   "options": "-\nNo\nYes\nNo Sample\nException\nNot Applicable\nNo Evidence",
   "read_only": 1,
   "search_index": 1
  },
  {
   "fieldname": "finding_detail",
   "fieldtype": "Data",
   "label": "Finding Detail",
   "search_index": 1
  },
  {
   "fieldname": "attach_evidences",
   "fieldtype": "Data",
   "label": "Attach Evidence(s)",
   "search_index": 1
  },
  {
   "fieldname": "working_comments",
   "fieldtype": "Data",
   "label": "Working Comments",
   "search_index": 1
  },
  {
   "fieldname": "finding",
   "fieldtype": "Data",
   "in_list_view": 1,
   "label": "Finding",
   "read_only": 1,
   "search_index": 1
  },
  {
   "fieldname": "finding_raised_date",
   "fieldtype": "Data",
   "label": "Finding Raised Date",
   "read_only": 1,
   "search_index": 1
  },
  {
   "fieldname": "ageing",
   "fieldtype": "Data",
   "label": "Ageing",
   "read_only": 1,
   "search_index": 1
  },
  {
   "fieldname": "closure_description",
   "fieldtype": "Data",
   "label": "Closure Description",
   "search_index": 1
  },
  {
   "fieldname": "rca",
   "fieldtype": "Data",
   "label": "RCA",
   "search_index": 1
  },
  {
   "fieldname": "capa",
   "fieldtype": "Data",
   "label": "CAPA",
   "search_index": 1
  },
  {
   "fieldname": "description",
   "fieldtype": "Data",
   "label": "Description",
   "search_index": 1
  },
  {
   "fieldname": "critical_to_opex",
   "fieldtype": "Select",
   "hidden": 1,
   "label": "critical_to_opex",
   "options": "No\nYes",
   "read_only": 1,
   "search_index": 1
  },
  {
   "fieldname": "attach_rcacapa",
   "fieldtype": "Attach",
   "label": "Attach RCA/CAPA "
  },
  {
   "fieldname": "rcacapa_acceptance",
   "fieldtype": "Select",
   "label": "RCA/CAPA Acceptance",
   "options": "Accepted\nNot Accepted"
  }
 ],
 "index_web_pages_for_search": 1,
 "istable": 1,
 "links": [],
 "modified": "2022-10-21 19:58:52.937126",
 "modified_by": "Administrator",
 "module": "Opex",
 "name": "Opex Appraisal Form Child Table",
 "naming_rule": "Autoincrement",
 "owner": "Administrator",
 "permissions": [],
 "sort_field": "modified",
 "sort_order": "DESC",
 "states": []
}