{
 "actions": [],
 "autoname": "autoincrement",
 "creation": "2022-09-04 11:26:03.489043",
 "doctype": "DocType",
 "editable_grid": 1,
 "engine": "InnoDB",
 "field_order": [
  "module",
  "practice",
  "artifacts",
  "evidence_list_description",
  "primary_ownership",
  "attach_files",
  "comments_as_per_account",
  "accepted_status",
  "remarks"
 ],
 "fields": [
  {
   "fieldname": "module",
   "fieldtype": "Data",
   "label": "Module",
   "search_index": 1
  },
  {
   "fieldname": "practice",
   "fieldtype": "Data",
   "in_filter": 1,
   "in_list_view": 1,
   "in_preview": 1,
   "in_standard_filter": 1,
   "label": "Practice",
   "search_index": 1
  },
  {
   "fieldname": "artifacts",
   "fieldtype": "Data",
   "in_preview": 1,
   "in_standard_filter": 1,
   "label": "Artifacts",
   "search_index": 1
  },
  {
   "fieldname": "evidence_list_description",
   "fieldtype": "Small Text",
   "in_list_view": 1,
   "in_preview": 1,
   "in_standard_filter": 1,
   "label": "Evidence List Description"
  },
  {
   "fieldname": "primary_ownership",
   "fieldtype": "Data",
   "in_list_view": 1,
   "in_preview": 1,
   "in_standard_filter": 1,
   "label": "Primary Ownership",
   "search_index": 1
  },
  {
   "fieldname": "attach_files",
   "fieldtype": "Attach",
   "in_list_view": 1,
   "in_preview": 1,
   "in_standard_filter": 1,
   "label": "Attach File(s)"
  },
  {
   "fieldname": "comments_as_per_account",
   "fieldtype": "Data",
   "label": "Comments (As Per Account)",
   "search_index": 1
  },
  {
   "fieldname": "accepted_status",
   "fieldtype": "Select",
   "in_list_view": 1,
   "label": "Accepted Status",
   "options": "Not Accepted\nAccepted",
   "read_only_depends_on": "//eval:frappe.get_roles != \"System Manager\";",
   "search_index": 1
  },
  {
   "fieldname": "remarks",
   "fieldtype": "Data",
   "label": "Remarks",
   "search_index": 1
  }
 ],
 "index_web_pages_for_search": 1,
 "istable": 1,
 "links": [],
 "modified": "2022-10-23 02:09:19.387557",
 "modified_by": "Administrator",
 "module": "Opex",
 "name": "Opex appraisal file bank items",
 "naming_rule": "Autoincrement",
 "owner": "Administrator",
 "permissions": [],
 "sort_field": "modified",
 "sort_order": "DESC",
 "states": []
}